donation_id,donor_name,amount,date,payment_method,email
DON0087,Hina Aslam,834,2025-08-18,online,hina.aslam95@example.com
DON0121,Fatima Aslam,"1,916",2025-06-08,cash,fatima.aslam83@example.com
DON0023,Sara Khan,"1,182",2025-02-28,Bank Transfer,sara.khan18@example.com
DON0012,Ali Hussain,"PKR 5,265",13/07/2025,Online,ali.hussain71@example.com
DON0139,Ali Iqbal,"6,767",2025-10-19,online,ali.iqbal97@example.com
DON0003,Mariam Hussain,"PKR 3,456",2025-12-06,BANK TRANSFER,mariam.hussain98@example.com
DON0122,Kamran Khan,"4,683",2025-08-04,Bank Transfer,kamran.khan77@example.com
DON0095,Omar Ahmed,"PKR 5,186",04/08/2025,bank transfer,omar.ahmed92@example.com
DON0067,Usman Ahmed,535,22/10/2025,online,usman.ahmed55@example.com
DON0064,Bilal Khan,"5,612",2025-11-16,Bank Transfer,bilal.khan33@example.com
DON0109,Omar Aslam,"PKR 6,530",07/07/2025,Online ,omar.aslam74@example.com
DON0097,Rabia Aslam,"PKR 13,555",2025-07-09,BANK TRANSFER,rabia.aslam37@example.com
DON0139,Ali Iqbal,"6,767",2025-10-19,online,ali.iqbal97@example.com
DON0066,Sadia Khan,"PKR 3,931",13/07/2025,Bank Transfer,
DON0189,Hassan Butt,"2,044",2025-10-18,bank transfer,hassan.butt12@example.com
DON0156,Nadia Raza,"PKR 5,770",2025-03-20,bank transfer,nadia.raza40@example.com
DON0025,Adeel Khan,"PKR 7,033",2025-04-28,Online,adeel.khan52@example.com
DON0100,Fatima Iqbal,"PKR 7,258",2025-07-26,bank transfer,fatima.iqbal5@example.com
DON0154,Fatima Butt,"PKR 9,739",17/09/2025,cash,fatima.butt37@example.com
DON0047,Nadia Javed,"4,454",07/07/2025,cash,nadia.javed57@example.com
DON0179,Mariam Hussain,"4,100",14/10/2025,bank transfer,mariam.hussain42@example.com
DON0140,Faisal Khan,"4,315",2025-07-22,Online,faisal.khan28@example.com
DON0144,Fatima Shah,"PKR 20,970",28/06/2025,Cash,fatima.shah54@example.com
DON0075,Adeel Iqbal,"10,532",2025-05-10,Bank Transfer,adeel.iqbal96@example.com
DON0187,Sana Ahmed,"PKR 5,303",2025-11-11,Online ,sana.ahmed38@example.com
DON0170,Fatima Butt,"PKR 6,368",2025-02-15,Online,fatima.butt3@example.com
DON0102,Hassan Shah,"PKR 5,646",03/08/2025,BANK TRANSFER,hassan.shah89@example.com
DON0156,Nadia Raza,"PKR 5,770",2025-03-20,bank transfer,nadia.raza40@example.com
DON0110,Kamran Chaudhry,"PKR 1,967",2025-11-01,online,kamran.chaudhry88@example.com
DON0178,Nadia Aslam,"PKR 2,608",2025-03-11,Online,nadia.aslam67@example.com
DON0058,Sadia Shah,"PKR 3,196",10/07/2025,Cash,sadia.shah95@example.com
DON0107,Faisal Shah,"4,209",2025-03-19,BANK TRANSFER,faisal.shah86@example.com
DON0161,Faisal Hussain,"PKR 10,764",2025-07-02,Bank Transfer,faisal.hussain79@example.com
DON0085,Usman Raza,"PKR 7,382",2025-04-22,Bank Transfer,usman.raza35@example.com
DON0125,Mariam Hussain,"PKR 8,731",2025-03-01,Bank Transfer,mariam.hussain3@example.com
DON0086,Hassan Ahmed,"PKR 1,323",20/12/2025,BANK TRANSFER,hassan.ahmed60@example.com
DON0127,Rabia Chaudhry,"PKR 6,060",20/01/2025,BANK TRANSFER,rabia.chaudhry4@example.com
DON0184,Kamran Farooq,"PKR 7,382",2025-06-17,BANK TRANSFER,kamran.farooq15@example.com
DON0081,Adeel Hussain,"PKR 1,848",20/04/2025,Cash,adeel.hussain57@example.com
DON0117,Mariam Chaudhry,"PKR 1,988",12/02/2025,Online,
DON0130,Rabia Raza,"PKR 8,066",2025-12-04,Bank Transfer,rabia.raza30@example.com
DON0129,Zainab Iqbal,"6,060",09/10/2025,cash,zainab.iqbal77@example.com
DON0061,Ayesha Ahmed,"1,065",2025-03-15,Cash,ayesha.ahmed59@example.com
DON0123,Ayesha Khan,"4,357",2025-10-05,Bank Transfer,ayesha.khan30@example.com
DON0028,Ali Khan,"3,268",06/02/2025,Bank Transfer,ali.khan73@example.com
DON0041,Usman Khan,"7,378",09/02/2025,BANK TRANSFER,usman.khan66@example.com
DON0046,Hina Javed,"11,531",13/11/2025,bank transfer,hina.javed39@example.com
DON0192,Omar Javed,"7,280",2025-09-04,bank transfer,omar.javed91@example.com
DON0032,Kamran Raza,"PKR 3,043",23/05/2025,online,kamran.raza71@example.com
DON0155,Nadia Shah,"PKR 2,275",02/11/2025,Online ,nadia.shah72@example.com
DON0033,Hina Qureshi,"PKR 2,342",09/02/2025,bank transfer,hina.qureshi78@example.com
DON0014,Omar Malik,"PKR 3,480",24/05/2025,bank transfer,omar.malik14@example.com
DON0118,Adeel Iqbal,940,03/11/2025,BANK TRANSFER,adeel.iqbal15@example.com
DON0079,Imran Farooq,PKR 898,2025-08-09,Online ,imran.farooq10@example.com
DON0132,Hassan Qureshi,"2,137",2025-02-27,Online ,hassan.qureshi48@example.com
DON0029,Usman Chaudhry,"PKR 2,850",14/11/2025,cash,usman.chaudhry27@example.com
DON0019,Kamran Farooq,"4,123",2025-04-08,online,kamran.farooq30@example.com
DON0142,Nadia Chaudhry,453,07/03/2025,BANK TRANSFER,nadia.chaudhry1@example.com
DON0135,Usman Ahmed,PKR 579,04/05/2025,Cash,usman.ahmed99@example.com
DON0098,Hina Chaudhry,"PKR 5,891",2025-03-28,Online,hina.chaudhry71@example.com
DON0089,Mariam Chaudhry,"PKR 5,063",16/09/2025,BANK TRANSFER,mariam.chaudhry75@example.com
DON0059,Adeel Hussain,"5,197",2025-05-08,online,adeel.hussain86@example.com
DON0114,Ali Butt,"PKR 6,922",12/09/2025,BANK TRANSFER,ali.butt33@example.com
DON0150,Farah Malik,"1,278",21/05/2025,online,farah.malik10@example.com
DON0037,Adeel Malik,"2,003",12/01/2025,Bank Transfer,adeel.malik86@example.com
DON0193,Usman Iqbal,"PKR 4,127",2025-02-10,BANK TRANSFER,usman.iqbal39@example.com
DON0183,Zainab Butt,"7,439",2025-10-13,bank transfer,zainab.butt48@example.com
DON0052,Rabia Farooq,"2,748",2025-02-28,Online,rabia.farooq72@example.com
DON0185,Ayesha Aslam,"PKR 9,960",2025-02-18,BANK TRANSFER,ayesha.aslam28@example.com
DON0141,Rabia Ahmed,"2,398",22/11/2025,BANK TRANSFER,
DON0083,Bilal Raza,"2,116",2025-09-06,online,bilal.raza89@example.com
DON0116,Nadia Hussain,"3,936",2025-01-13,Online ,nadia.hussain87@example.com
DON0096,Hina Javed,"2,260",2025-08-16,bank transfer,hina.javed77@example.com
DON0038,Sara Iqbal,"PKR 3,246",14/10/2025,Bank Transfer,sara.iqbal23@example.com
DON0133,Hassan Javed,"PKR 3,448",18/06/2025,Cash,hassan.javed86@example.com
DON0103,Nadia Qureshi,"3,424",2025-09-22,cash,nadia.qureshi98@example.com
DON0099,Adeel Shah,"1,746",2025-12-07,Cash,adeel.shah53@example.com
DON0050,Usman Farooq,"PKR 5,429",15/07/2025,Bank Transfer,usman.farooq50@example.com
DON0006,Zainab Khan,"PKR 7,167",03/04/2025,Cash,zainab.khan82@example.com
DON0018,Ali Raza,"PKR 3,294",07/09/2025,Bank Transfer,ali.raza52@example.com
DON0159,Imran Butt,"11,968",03/05/2025,Online ,imran.butt70@example.com
DON0169,Bilal Malik,"PKR 3,696",2025-07-17,BANK TRANSFER,bilal.malik16@example.com
DON0069,Sana Aslam,"4,364",2025-11-17,Online,sana.aslam94@example.com
DON0195,Fatima Khan,"PKR 8,173",2025-10-25,Bank Transfer,fatima.khan54@example.com
DON0063,Adeel Khan,"3,667",21/02/2025,online,adeel.khan32@example.com
DON0065,Kamran Malik,"PKR 5,054",23/02/2025,bank transfer,kamran.malik14@example.com
DON0027,Bilal Khan,"PKR 3,804",2025-06-24,Online,bilal.khan68@example.com
DON0149,Sadia Farooq,"PKR 2,394",21/11/2025,cash,sadia.farooq81@example.com
DON0042,Nadia Qureshi,"PKR 10,256",01/02/2025,BANK TRANSFER,nadia.qureshi34@example.com
DON0053,Faisal Iqbal,"PKR 7,874",20/12/2025,Cash,faisal.iqbal71@example.com
DON0180,Sara Ahmed,"4,557",15/10/2025,bank transfer,sara.ahmed45@example.com
DON0082,Hina Chaudhry,"11,438",20/01/2025,Online ,hina.chaudhry27@example.com
DON0008,Adeel Aslam,"6,175",09/11/2025,Bank Transfer,adeel.aslam99@example.com
DON0092,Sara Hussain,"PKR 5,201",01/11/2025,Online,sara.hussain25@example.com
DON0174,Sara Hussain,"PKR 7,554",2025-01-05,cash,sara.hussain23@example.com
DON0151,Hina Farooq,"7,887",2025-05-27,Online ,hina.farooq65@example.com
DON0071,Faisal Qureshi,"3,576",2025-06-28,Bank Transfer,faisal.qureshi34@example.com
DON0167,Kamran Butt,"PKR 116,680",27/12/2025,bank transfer,kamran.butt37@example.com
DON0112,Faisal Raza,"PKR 5,926",22/11/2025,Online ,faisal.raza83@example.com
DON0009,Fatima Butt,"PKR 4,997",2025-05-13,cash,fatima.butt64@example.com
DON0105,Sara Hussain,"PKR 3,923",15/03/2025,online,
DON0080,Sadia Qureshi,"4,392",26/10/2025,Online ,sadia.qureshi16@example.com
DON0126,Ali Raza,"PKR 8,577",17/02/2025,Online,ali.raza47@example.com
DON0165,Sara Raza,"4,396",2025-09-15,Cash,
DON0030,Farah Butt,"8,594",2025-05-21,Online ,
DON0004,Farah Ahmed,"3,456",28/06/2025,online,farah.ahmed69@example.com
DON0040,Sara Shah,"PKR 3,596",08/04/2025,Online,sara.shah30@example.com
DON0051,Imran Shah,"PKR 2,064",01/02/2025,Bank Transfer,imran.shah90@example.com
DON0078,Hina Aslam,"PKR 2,593",2025-08-25,online,hina.aslam61@example.com
DON0164,Faisal Malik,"5,843",16/06/2025,Online ,faisal.malik67@example.com
DON0115,Imran Hussain,"PKR 5,888",2025-02-26,Online ,imran.hussain29@example.com
DON0055,Imran Qureshi,"4,488",2025-05-23,cash,imran.qureshi70@example.com
DON0091,Farah Shah,"6,088",2025-09-13,Online ,farah.shah42@example.com
DON0163,Kamran Qureshi,"PKR 1,734",15/05/2025,Cash,kamran.qureshi26@example.com
DON0044,Bilal Raza,"2,412",17/09/2025,Bank Transfer,bilal.raza9@example.com
DON0160,Rabia Khan,"PKR 1,046",20/03/2025,bank transfer,rabia.khan89@example.com
DON0049,Faisal Iqbal,"PKR 3,497",2025-11-08,Bank Transfer,faisal.iqbal6@example.com
DON0171,Rabia Chaudhry,"5,141",14/01/2025,Bank Transfer,rabia.chaudhry24@example.com
DON0060,Nadia Aslam,"5,067",05/10/2025,Cash,nadia.aslam85@example.com
DON0016,Ayesha Ahmed,"PKR 4,535",2025-05-27,Bank Transfer,ayesha.ahmed11@example.com
DON0054,Sana Malik,"5,320",09/04/2025,BANK TRANSFER,sana.malik67@example.com
DON0021,Rabia Butt,"7,425",18/03/2025,Online,rabia.butt61@example.com
DON0015,Hina Qureshi,"2,645",12/03/2025,online,hina.qureshi63@example.com
DON0188,Hina Malik,"PKR 3,761",21/03/2025,Bank Transfer,hina.malik26@example.com
DON0134,Omar Aslam,"16,991",2025-06-10,Bank Transfer,omar.aslam62@example.com
DON0077,Hina Butt,"1,718",2025-09-23,online,hina.butt71@example.com
DON0010,Nadia Qureshi,540,08/12/2025,BANK TRANSFER,nadia.qureshi55@example.com
DON0106,Fatima Raza,"5,368",2025-09-08,bank transfer,fatima.raza11@example.com
DON0108,Ayesha Hussain,"10,839",2025-03-18,cash,ayesha.hussain39@example.com
DON0158,Rabia Ahmed,"1,658",2025-01-12,bank transfer,rabia.ahmed44@example.com
DON0013,Ayesha Qureshi,"PKR 10,913",18/05/2025,cash,
DON0017,Zainab Aslam,"2,513",25/09/2025,bank transfer,zainab.aslam71@example.com
DON0048,Bilal Javed,"PKR 3,274",2025-12-26,Online ,bilal.javed85@example.com
DON0148,Mariam Butt,"2,814",2025-11-25,Online,mariam.butt73@example.com
DON0120,Adeel Shah,"PKR 1,301",2025-11-14,Online,adeel.shah36@example.com
DON0022,Omar Butt,"PKR 1,338",2025-07-12,online,omar.butt83@example.com
DON0162,Hina Hussain,"1,038",2025-04-18,Online,hina.hussain25@example.com
DON0131,Omar Iqbal,"6,642",2025-02-24,cash,omar.iqbal48@example.com
DON0182,Nadia Iqbal,"PKR 3,548",2025-01-06,Online,
DON0074,Hina Butt,"7,095",2025-10-22,cash,hina.butt96@example.com
DON0031,Faisal Chaudhry,"5,303",2025-09-07,cash,faisal.chaudhry32@example.com
DON0147,Zainab Javed,"PKR 7,632",2025-06-07,bank transfer,zainab.javed19@example.com
DON0034,Bilal Aslam,"PKR 6,469",28/05/2025,BANK TRANSFER,bilal.aslam7@example.com
DON0146,Sara Butt,"6,018",03/07/2025,cash,sara.butt22@example.com
DON0166,Usman Farooq,"PKR 3,043",2025-01-14,cash,usman.farooq11@example.com
DON0175,Sana Aslam,"7,797",05/02/2025,Online,
DON0124,Farah Hussain,"PKR 1,459",01/05/2025,bank transfer,farah.hussain70@example.com
DON0097,Rabia Aslam,"PKR 13,555",2025-07-09,BANK TRANSFER,rabia.aslam37@example.com
DON0101,Hassan Javed,"8,113",2025-08-04,Online,
DON0157,Nadia Malik,"PKR 7,200",2025-09-10,cash,nadia.malik86@example.com
DON0181,Sana Khan,"PKR 6,194",2025-07-20,online,
DON0062,Farah Iqbal,"2,951",2025-07-25,Online ,farah.iqbal96@example.com
DON0036,Adeel Aslam,"7,953",03/12/2025,online,adeel.aslam75@example.com
DON0011,Sadia Shah,"PKR 1,678",2025-09-05,online,sadia.shah20@example.com
DON0191,Hassan Iqbal,"9,134",2025-09-22,bank transfer,hassan.iqbal17@example.com
DON0072,Farah Raza,"PKR 5,218",2025-09-09,Bank Transfer,
DON0194,Faisal Javed,"PKR 1,890",2025-10-19,cash,faisal.javed73@example.com
DON0094,Imran Ahmed,"PKR 49,620",26/04/2025,BANK TRANSFER,imran.ahmed71@example.com
DON0119,Hassan Khan,"4,897",2025-02-16,bank transfer,hassan.khan48@example.com
DON0145,Hina Ahmed,"PKR 3,807",2025-10-06,cash,
DON0002,Ayesha Ahmed,"PKR 3,736",2025-09-01,Cash,ayesha.ahmed76@example.com
DON0084,Faisal Farooq,"3,211",23/05/2025,Online,
DON0190,Zainab Raza,"PKR 15,225",2025-09-16,Cash,zainab.raza10@example.com
DON0088,Farah Chaudhry,"4,791",22/10/2025,online,farah.chaudhry87@example.com
DON0138,Zainab Malik,"PKR 2,258",03/12/2025,Cash,zainab.malik44@example.com
DON0005,Sara Shah,"11,624",21/10/2025,cash,sara.shah91@example.com
DON0039,Omar Khan,"PKR 2,804",26/07/2025,Bank Transfer,omar.khan90@example.com
DON0172,Zainab Javed,"2,463",17/09/2025,online,zainab.javed61@example.com
DON0035,Zainab Qureshi,"8,459",01/06/2025,BANK TRANSFER,zainab.qureshi57@example.com
DON0113,Fatima Raza,"3,486",2025-12-12,BANK TRANSFER,fatima.raza54@example.com
DON0153,Rabia Malik,"8,466",26/06/2025,Online ,rabia.malik23@example.com
DON0057,Sana Shah,"PKR 2,287",13/10/2025,online,sana.shah98@example.com
DON0070,Sadia Raza,"18,245",03/05/2025,Bank Transfer,sadia.raza73@example.com
DON0045,Farah Chaudhry,"PKR 4,052",24/05/2025,Cash,farah.chaudhry90@example.com
DON0020,Sadia Butt,"PKR 16,000",2025-04-02,online,sadia.butt10@example.com
DON0007,Kamran Malik,"2,828",09/12/2025,Online ,kamran.malik22@example.com
DON0056,Zainab Malik,"8,140",2025-12-05,Cash,zainab.malik70@example.com
DON0076,Adeel Hussain,"1,082",2025-08-24,BANK TRANSFER,adeel.hussain25@example.com
DON0001,Sara Khan,"5,984",2025-12-05,Online ,sara.khan5@example.com
DON0173,Fatima Qureshi,"2,539",2025-01-24,Online ,fatima.qureshi94@example.com
DON0136,Faisal Chaudhry,"PKR 2,822",20/11/2025,BANK TRANSFER,
DON0128,Fatima Farooq,"6,055",04/08/2025,Online,
DON0177,Bilal Raza,"PKR 2,023",2025-11-28,Online ,bilal.raza56@example.com
DON0069,Sana Aslam,"4,364",2025-11-17,Online,sana.aslam94@example.com
DON0168,Imran Aslam,"PKR 1,312",16/08/2025,Online ,
DON0137,Mariam Aslam,"PKR 8,762",2025-01-12,bank transfer,mariam.aslam52@example.com
DON0043,Fatima Ahmed,"5,446",2025-06-26,Online ,fatima.ahmed74@example.com
DON0111,Fatima Chaudhry,"PKR 1,578",10/04/2025,cash,fatima.chaudhry25@example.com
DON0090,Omar Qureshi,"PKR 7,234",2025-06-16,cash,omar.qureshi21@example.com
DON0073,Omar Farooq,"9,051",16/11/2025,Online,omar.farooq12@example.com
DON0024,Omar Malik,"4,835",03/08/2025,Online ,
DON0143,Imran Aslam,"4,798",2025-12-18,cash,
DON0186,Faisal Raza,"PKR 4,235",2025-02-07,Online ,faisal.raza92@example.com
DON0093,Rabia Iqbal,"2,335",2025-01-15,bank transfer,rabia.iqbal57@example.com
DON0104,Imran Javed,"2,177",21/11/2025,Bank Transfer,imran.javed56@example.com
DON0152,Nadia Farooq,"PKR 15,454",2025-01-24,Bank Transfer,nadia.farooq61@example.com
DON0068,Kamran Ahmed,"4,082",28/07/2025,Online ,kamran.ahmed47@example.com
DON0026,Fatima Malik,"PKR 4,745",2025-08-09,Online,fatima.malik38@example.com
DON0017,Zainab Aslam,"2,513",25/09/2025,bank transfer,zainab.aslam71@example.com
DON0176,Bilal Khan,"PKR 5,239",11/05/2025,Online,bilal.khan97@example.com
