donation_id,donor_name,amount,donation_date,payment_method,email,month
DON0087,Hina Aslam,834,8/18/2025,online,hina.aslam95@example.com,2025-08
DON0121,Fatima Aslam,1916,6/8/2025,cash,fatima.aslam83@example.com,2025-06
DON0023,Sara Khan,1182,2/28/2025,bank transfer,sara.khan18@example.com,2025-02
DON0012,Ali Hussain,5265,7/13/2025,online,ali.hussain71@example.com,2025-07
DON0139,Ali Iqbal,6767,10/19/2025,online,ali.iqbal97@example.com,2025-10
DON0003,Mariam Hussain,3456,12/6/2025,bank transfer,mariam.hussain98@example.com,2025-12
DON0122,Kamran Khan,4683,8/4/2025,bank transfer,kamran.khan77@example.com,2025-08
DON0095,Omar Ahmed,5186,8/4/2025,bank transfer,omar.ahmed92@example.com,2025-08
DON0067,Usman Ahmed,535,10/22/2025,online,usman.ahmed55@example.com,2025-10
DON0064,Bilal Khan,5612,11/16/2025,bank transfer,bilal.khan33@example.com,2025-11
DON0109,Omar Aslam,6530,7/7/2025,online,omar.aslam74@example.com,2025-07
DON0097,Rabia Aslam,13555,7/9/2025,bank transfer,rabia.aslam37@example.com,2025-07
DON0066,Sadia Khan,3931,7/13/2025,bank transfer,Unknown,2025-07
DON0189,Hassan Butt,2044,10/18/2025,bank transfer,hassan.butt12@example.com,2025-10
DON0156,Nadia Raza,5770,3/20/2025,bank transfer,nadia.raza40@example.com,2025-03
DON0025,Adeel Khan,7033,4/28/2025,online,adeel.khan52@example.com,2025-04
DON0100,Fatima Iqbal,7258,7/26/2025,bank transfer,fatima.iqbal5@example.com,2025-07
DON0154,Fatima Butt,9739,9/17/2025,cash,fatima.butt37@example.com,2025-09
DON0047,Nadia Javed,4454,7/7/2025,cash,nadia.javed57@example.com,2025-07
DON0179,Mariam Hussain,4100,10/14/2025,bank transfer,mariam.hussain42@example.com,2025-10
DON0140,Faisal Khan,4315,7/22/2025,online,faisal.khan28@example.com,2025-07
DON0144,Fatima Shah,20970,6/28/2025,cash,fatima.shah54@example.com,2025-06
DON0075,Adeel Iqbal,10532,5/10/2025,bank transfer,adeel.iqbal96@example.com,2025-05
DON0187,Sana Ahmed,5303,11/11/2025,online,sana.ahmed38@example.com,2025-11
DON0170,Fatima Butt,6368,2/15/2025,online,fatima.butt3@example.com,2025-02
DON0102,Hassan Shah,5646,8/3/2025,bank transfer,hassan.shah89@example.com,2025-08
DON0110,Kamran Chaudhry,1967,11/1/2025,online,kamran.chaudhry88@example.com,2025-11
DON0178,Nadia Aslam,2608,3/11/2025,online,nadia.aslam67@example.com,2025-03
DON0058,Sadia Shah,3196,7/10/2025,cash,sadia.shah95@example.com,2025-07
DON0107,Faisal Shah,4209,3/19/2025,bank transfer,faisal.shah86@example.com,2025-03
DON0161,Faisal Hussain,10764,7/2/2025,bank transfer,faisal.hussain79@example.com,2025-07
DON0085,Usman Raza,7382,4/22/2025,bank transfer,usman.raza35@example.com,2025-04
DON0125,Mariam Hussain,8731,3/1/2025,bank transfer,mariam.hussain3@example.com,2025-03
DON0086,Hassan Ahmed,1323,12/20/2025,bank transfer,hassan.ahmed60@example.com,2025-12
DON0127,Rabia Chaudhry,6060,1/20/2025,bank transfer,rabia.chaudhry4@example.com,2025-01
DON0184,Kamran Farooq,7382,6/17/2025,bank transfer,kamran.farooq15@example.com,2025-06
DON0081,Adeel Hussain,1848,4/20/2025,cash,adeel.hussain57@example.com,2025-04
DON0117,Mariam Chaudhry,1988,2/12/2025,online,Unknown,2025-02
DON0130,Rabia Raza,8066,12/4/2025,bank transfer,rabia.raza30@example.com,2025-12
DON0129,Zainab Iqbal,6060,10/9/2025,cash,zainab.iqbal77@example.com,2025-10
DON0061,Ayesha Ahmed,1065,3/15/2025,cash,ayesha.ahmed59@example.com,2025-03
DON0123,Ayesha Khan,4357,10/5/2025,bank transfer,ayesha.khan30@example.com,2025-10
DON0028,Ali Khan,3268,2/6/2025,bank transfer,ali.khan73@example.com,2025-02
DON0041,Usman Khan,7378,2/9/2025,bank transfer,usman.khan66@example.com,2025-02
DON0046,Hina Javed,11531,11/13/2025,bank transfer,hina.javed39@example.com,2025-11
DON0192,Omar Javed,7280,9/4/2025,bank transfer,omar.javed91@example.com,2025-09
DON0032,Kamran Raza,3043,5/23/2025,online,kamran.raza71@example.com,2025-05
DON0155,Nadia Shah,2275,11/2/2025,online,nadia.shah72@example.com,2025-11
DON0033,Hina Qureshi,2342,2/9/2025,bank transfer,hina.qureshi78@example.com,2025-02
DON0014,Omar Malik,3480,5/24/2025,bank transfer,omar.malik14@example.com,2025-05
DON0118,Adeel Iqbal,940,11/3/2025,bank transfer,adeel.iqbal15@example.com,2025-11
DON0079,Imran Farooq,898,8/9/2025,online,imran.farooq10@example.com,2025-08
DON0132,Hassan Qureshi,2137,2/27/2025,online,hassan.qureshi48@example.com,2025-02
DON0029,Usman Chaudhry,2850,11/14/2025,cash,usman.chaudhry27@example.com,2025-11
DON0019,Kamran Farooq,4123,4/8/2025,online,kamran.farooq30@example.com,2025-04
DON0142,Nadia Chaudhry,453,3/7/2025,bank transfer,nadia.chaudhry1@example.com,2025-03
DON0135,Usman Ahmed,579,5/4/2025,cash,usman.ahmed99@example.com,2025-05
DON0098,Hina Chaudhry,5891,3/28/2025,online,hina.chaudhry71@example.com,2025-03
DON0089,Mariam Chaudhry,5063,9/16/2025,bank transfer,mariam.chaudhry75@example.com,2025-09
DON0059,Adeel Hussain,5197,5/8/2025,online,adeel.hussain86@example.com,2025-05
DON0114,Ali Butt,6922,9/12/2025,bank transfer,ali.butt33@example.com,2025-09
DON0150,Farah Malik,1278,5/21/2025,online,farah.malik10@example.com,2025-05
DON0037,Adeel Malik,2003,1/12/2025,bank transfer,adeel.malik86@example.com,2025-01
DON0193,Usman Iqbal,4127,2/10/2025,bank transfer,usman.iqbal39@example.com,2025-02
DON0183,Zainab Butt,7439,10/13/2025,bank transfer,zainab.butt48@example.com,2025-10
DON0052,Rabia Farooq,2748,2/28/2025,online,rabia.farooq72@example.com,2025-02
DON0185,Ayesha Aslam,9960,2/18/2025,bank transfer,ayesha.aslam28@example.com,2025-02
DON0141,Rabia Ahmed,2398,11/22/2025,bank transfer,Unknown,2025-11
DON0083,Bilal Raza,2116,9/6/2025,online,bilal.raza89@example.com,2025-09
DON0116,Nadia Hussain,3936,1/13/2025,online,nadia.hussain87@example.com,2025-01
DON0096,Hina Javed,2260,8/16/2025,bank transfer,hina.javed77@example.com,2025-08
DON0038,Sara Iqbal,3246,10/14/2025,bank transfer,sara.iqbal23@example.com,2025-10
DON0133,Hassan Javed,3448,6/18/2025,cash,hassan.javed86@example.com,2025-06
DON0103,Nadia Qureshi,3424,9/22/2025,cash,nadia.qureshi98@example.com,2025-09
DON0099,Adeel Shah,1746,12/7/2025,cash,adeel.shah53@example.com,2025-12
DON0050,Usman Farooq,5429,7/15/2025,bank transfer,usman.farooq50@example.com,2025-07
DON0006,Zainab Khan,7167,4/3/2025,cash,zainab.khan82@example.com,2025-04
DON0018,Ali Raza,3294,9/7/2025,bank transfer,ali.raza52@example.com,2025-09
DON0159,Imran Butt,11968,5/3/2025,online,imran.butt70@example.com,2025-05
DON0169,Bilal Malik,3696,7/17/2025,bank transfer,bilal.malik16@example.com,2025-07
DON0069,Sana Aslam,4364,11/17/2025,online,sana.aslam94@example.com,2025-11
DON0195,Fatima Khan,8173,10/25/2025,bank transfer,fatima.khan54@example.com,2025-10
DON0063,Adeel Khan,3667,2/21/2025,online,adeel.khan32@example.com,2025-02
DON0065,Kamran Malik,5054,2/23/2025,bank transfer,kamran.malik14@example.com,2025-02
DON0027,Bilal Khan,3804,6/24/2025,online,bilal.khan68@example.com,2025-06
DON0149,Sadia Farooq,2394,11/21/2025,cash,sadia.farooq81@example.com,2025-11
DON0042,Nadia Qureshi,10256,2/1/2025,bank transfer,nadia.qureshi34@example.com,2025-02
DON0053,Faisal Iqbal,7874,12/20/2025,cash,faisal.iqbal71@example.com,2025-12
DON0180,Sara Ahmed,4557,10/15/2025,bank transfer,sara.ahmed45@example.com,2025-10
DON0082,Hina Chaudhry,11438,1/20/2025,online,hina.chaudhry27@example.com,2025-01
DON0008,Adeel Aslam,6175,11/9/2025,bank transfer,adeel.aslam99@example.com,2025-11
DON0092,Sara Hussain,5201,11/1/2025,online,sara.hussain25@example.com,2025-11
DON0174,Sara Hussain,7554,1/5/2025,cash,sara.hussain23@example.com,2025-01
DON0151,Hina Farooq,7887,5/27/2025,online,hina.farooq65@example.com,2025-05
DON0071,Faisal Qureshi,3576,6/28/2025,bank transfer,faisal.qureshi34@example.com,2025-06
DON0167,Kamran Butt,116680,12/27/2025,bank transfer,kamran.butt37@example.com,2025-12
DON0112,Faisal Raza,5926,11/22/2025,online,faisal.raza83@example.com,2025-11
DON0009,Fatima Butt,4997,5/13/2025,cash,fatima.butt64@example.com,2025-05
DON0105,Sara Hussain,3923,3/15/2025,online,Unknown,2025-03
DON0080,Sadia Qureshi,4392,10/26/2025,online,sadia.qureshi16@example.com,2025-10
DON0126,Ali Raza,8577,2/17/2025,online,ali.raza47@example.com,2025-02
DON0165,Sara Raza,4396,9/15/2025,cash,Unknown,2025-09
DON0030,Farah Butt,8594,5/21/2025,online,Unknown,2025-05
DON0004,Farah Ahmed,3456,6/28/2025,online,farah.ahmed69@example.com,2025-06
DON0040,Sara Shah,3596,4/8/2025,online,sara.shah30@example.com,2025-04
DON0051,Imran Shah,2064,2/1/2025,bank transfer,imran.shah90@example.com,2025-02
DON0078,Hina Aslam,2593,8/25/2025,online,hina.aslam61@example.com,2025-08
DON0164,Faisal Malik,5843,6/16/2025,online,faisal.malik67@example.com,2025-06
DON0115,Imran Hussain,5888,2/26/2025,online,imran.hussain29@example.com,2025-02
DON0055,Imran Qureshi,4488,5/23/2025,cash,imran.qureshi70@example.com,2025-05
DON0091,Farah Shah,6088,9/13/2025,online,farah.shah42@example.com,2025-09
DON0163,Kamran Qureshi,1734,5/15/2025,cash,kamran.qureshi26@example.com,2025-05
DON0044,Bilal Raza,2412,9/17/2025,bank transfer,bilal.raza9@example.com,2025-09
DON0160,Rabia Khan,1046,3/20/2025,bank transfer,rabia.khan89@example.com,2025-03
DON0049,Faisal Iqbal,3497,11/8/2025,bank transfer,faisal.iqbal6@example.com,2025-11
DON0171,Rabia Chaudhry,5141,1/14/2025,bank transfer,rabia.chaudhry24@example.com,2025-01
DON0060,Nadia Aslam,5067,10/5/2025,cash,nadia.aslam85@example.com,2025-10
DON0016,Ayesha Ahmed,4535,5/27/2025,bank transfer,ayesha.ahmed11@example.com,2025-05
DON0054,Sana Malik,5320,4/9/2025,bank transfer,sana.malik67@example.com,2025-04
DON0021,Rabia Butt,7425,3/18/2025,online,rabia.butt61@example.com,2025-03
DON0015,Hina Qureshi,2645,3/12/2025,online,hina.qureshi63@example.com,2025-03
DON0188,Hina Malik,3761,3/21/2025,bank transfer,hina.malik26@example.com,2025-03
DON0134,Omar Aslam,16991,6/10/2025,bank transfer,omar.aslam62@example.com,2025-06
DON0077,Hina Butt,1718,9/23/2025,online,hina.butt71@example.com,2025-09
DON0010,Nadia Qureshi,540,12/8/2025,bank transfer,nadia.qureshi55@example.com,2025-12
DON0106,Fatima Raza,5368,9/8/2025,bank transfer,fatima.raza11@example.com,2025-09
DON0108,Ayesha Hussain,10839,3/18/2025,cash,ayesha.hussain39@example.com,2025-03
DON0158,Rabia Ahmed,1658,1/12/2025,bank transfer,rabia.ahmed44@example.com,2025-01
DON0013,Ayesha Qureshi,10913,5/18/2025,cash,Unknown,2025-05
DON0017,Zainab Aslam,2513,9/25/2025,bank transfer,zainab.aslam71@example.com,2025-09
DON0048,Bilal Javed,3274,12/26/2025,online,bilal.javed85@example.com,2025-12
DON0148,Mariam Butt,2814,11/25/2025,online,mariam.butt73@example.com,2025-11
DON0120,Adeel Shah,1301,11/14/2025,online,adeel.shah36@example.com,2025-11
DON0022,Omar Butt,1338,7/12/2025,online,omar.butt83@example.com,2025-07
DON0162,Hina Hussain,1038,4/18/2025,online,hina.hussain25@example.com,2025-04
DON0131,Omar Iqbal,6642,2/24/2025,cash,omar.iqbal48@example.com,2025-02
DON0182,Nadia Iqbal,3548,1/6/2025,online,Unknown,2025-01
DON0074,Hina Butt,7095,10/22/2025,cash,hina.butt96@example.com,2025-10
DON0031,Faisal Chaudhry,5303,9/7/2025,cash,faisal.chaudhry32@example.com,2025-09
DON0147,Zainab Javed,7632,6/7/2025,bank transfer,zainab.javed19@example.com,2025-06
DON0034,Bilal Aslam,6469,5/28/2025,bank transfer,bilal.aslam7@example.com,2025-05
DON0146,Sara Butt,6018,7/3/2025,cash,sara.butt22@example.com,2025-07
DON0166,Usman Farooq,3043,1/14/2025,cash,usman.farooq11@example.com,2025-01
DON0175,Sana Aslam,7797,2/5/2025,online,Unknown,2025-02
DON0124,Farah Hussain,1459,5/1/2025,bank transfer,farah.hussain70@example.com,2025-05
DON0101,Hassan Javed,8113,8/4/2025,online,Unknown,2025-08
DON0157,Nadia Malik,7200,9/10/2025,cash,nadia.malik86@example.com,2025-09
DON0181,Sana Khan,6194,7/20/2025,online,Unknown,2025-07
DON0062,Farah Iqbal,2951,7/25/2025,online,farah.iqbal96@example.com,2025-07
DON0036,Adeel Aslam,7953,12/3/2025,online,adeel.aslam75@example.com,2025-12
DON0011,Sadia Shah,1678,9/5/2025,online,sadia.shah20@example.com,2025-09
DON0191,Hassan Iqbal,9134,9/22/2025,bank transfer,hassan.iqbal17@example.com,2025-09
DON0072,Farah Raza,5218,9/9/2025,bank transfer,Unknown,2025-09
DON0194,Faisal Javed,1890,10/19/2025,cash,faisal.javed73@example.com,2025-10
DON0094,Imran Ahmed,49620,4/26/2025,bank transfer,imran.ahmed71@example.com,2025-04
DON0119,Hassan Khan,4897,2/16/2025,bank transfer,hassan.khan48@example.com,2025-02
DON0145,Hina Ahmed,3807,10/6/2025,cash,Unknown,2025-10
DON0002,Ayesha Ahmed,3736,9/1/2025,cash,ayesha.ahmed76@example.com,2025-09
DON0084,Faisal Farooq,3211,5/23/2025,online,Unknown,2025-05
DON0190,Zainab Raza,15225,9/16/2025,cash,zainab.raza10@example.com,2025-09
DON0088,Farah Chaudhry,4791,10/22/2025,online,farah.chaudhry87@example.com,2025-10
DON0138,Zainab Malik,2258,12/3/2025,cash,zainab.malik44@example.com,2025-12
DON0005,Sara Shah,11624,10/21/2025,cash,sara.shah91@example.com,2025-10
DON0039,Omar Khan,2804,7/26/2025,bank transfer,omar.khan90@example.com,2025-07
DON0172,Zainab Javed,2463,9/17/2025,online,zainab.javed61@example.com,2025-09
DON0035,Zainab Qureshi,8459,6/1/2025,bank transfer,zainab.qureshi57@example.com,2025-06
DON0113,Fatima Raza,3486,12/12/2025,bank transfer,fatima.raza54@example.com,2025-12
DON0153,Rabia Malik,8466,6/26/2025,online,rabia.malik23@example.com,2025-06
DON0057,Sana Shah,2287,10/13/2025,online,sana.shah98@example.com,2025-10
DON0070,Sadia Raza,18245,5/3/2025,bank transfer,sadia.raza73@example.com,2025-05
DON0045,Farah Chaudhry,4052,5/24/2025,cash,farah.chaudhry90@example.com,2025-05
DON0020,Sadia Butt,16000,4/2/2025,online,sadia.butt10@example.com,2025-04
DON0007,Kamran Malik,2828,12/9/2025,online,kamran.malik22@example.com,2025-12
DON0056,Zainab Malik,8140,12/5/2025,cash,zainab.malik70@example.com,2025-12
DON0076,Adeel Hussain,1082,8/24/2025,bank transfer,adeel.hussain25@example.com,2025-08
DON0001,Sara Khan,5984,12/5/2025,online,sara.khan5@example.com,2025-12
DON0173,Fatima Qureshi,2539,1/24/2025,online,fatima.qureshi94@example.com,2025-01
DON0136,Faisal Chaudhry,2822,11/20/2025,bank transfer,Unknown,2025-11
DON0128,Fatima Farooq,6055,8/4/2025,online,Unknown,2025-08
DON0177,Bilal Raza,2023,11/28/2025,online,bilal.raza56@example.com,2025-11
DON0168,Imran Aslam,1312,8/16/2025,online,Unknown,2025-08
DON0137,Mariam Aslam,8762,1/12/2025,bank transfer,mariam.aslam52@example.com,2025-01
DON0043,Fatima Ahmed,5446,6/26/2025,online,fatima.ahmed74@example.com,2025-06
DON0111,Fatima Chaudhry,1578,4/10/2025,cash,fatima.chaudhry25@example.com,2025-04
DON0090,Omar Qureshi,7234,6/16/2025,cash,omar.qureshi21@example.com,2025-06
DON0073,Omar Farooq,9051,11/16/2025,online,omar.farooq12@example.com,2025-11
DON0024,Omar Malik,4835,8/3/2025,online,Unknown,2025-08
DON0143,Imran Aslam,4798,12/18/2025,cash,Unknown,2025-12
DON0186,Faisal Raza,4235,2/7/2025,online,faisal.raza92@example.com,2025-02
DON0093,Rabia Iqbal,2335,1/15/2025,bank transfer,rabia.iqbal57@example.com,2025-01
DON0104,Imran Javed,2177,11/21/2025,bank transfer,imran.javed56@example.com,2025-11
DON0152,Nadia Farooq,15454,1/24/2025,bank transfer,nadia.farooq61@example.com,2025-01
DON0068,Kamran Ahmed,4082,7/28/2025,online,kamran.ahmed47@example.com,2025-07
DON0026,Fatima Malik,4745,8/9/2025,online,fatima.malik38@example.com,2025-08
DON0176,Bilal Khan,5239,5/11/2025,online,bilal.khan97@example.com,2025-05
